SNP_Name,Importance_Score
S2B_725522898,0.03517868
S6B_94823837,0.03071751
S3B_581770060,0.023541013
S1B_572977719,0.020066855
S3A_706766535,0.018647553
S1B_620615120,0.018107887
S5A_20750635,0.017727306
S2A_695403580,0.017247923
S3A_57092796,0.017077774
S2A_709988140,0.013701179
S3B_581964731,0.012035566
S5A_695287192,0.012018562
S2B_804897904,0.011978903
S6B_701410759,0.011048332
S2A_760222292,0.010970895
S6B_82303403,0.010248575
S7B_84330231,0.010114377
S5A_28019475,0.010099166
S2A_709112125,0.010074199
S7B_55146119,0.008996049
S3B_18821611,0.008835589
S3A_715117172,0.008787237
S7A_2001615,0.008548317
S6D_478251923,0.007930273
S2A_41304586,0.007866157
S3A_523640744,0.007745902
S7A_13118754,0.0076236688
S5A_49592784,0.007585886
S2A_696990616,0.0073171407
S7A_639028705,0.0069064745
S6B_90085595,0.006805784
S5A_683037446,0.0067978418
S6B_447644926,0.006622405
S5A_26106597,0.0065936274
S2A_732782953,0.0065307906
S2B_389154684,0.0065106875
S3A_740743124,0.0064538307
S7B_222371178,0.006373141
S1B_335062144,0.00629375
S7D_131786848,0.0059253145
S3B_741213527,0.0057853223
S5A_571469774,0.0057677077
S5A_567373800,0.005745371
S2A_63482527,0.005531058
S6B_708257509,0.0054579866
S7A_8041664,0.0054072966
S5A_567380032,0.005388543
S4A_601829266,0.005196172
S1D_399204145,0.0050781015
S7B_631234561,0.005074131
S2B_221755723,0.0050355922
S5B_710643961,0.0049373377
S1A_537146605,0.004821612
S7A_8418497,0.004802445
S5A_45367051,0.0047080573
S7B_488234562,0.004674933
S7D_11175890,0.0046578883
S5B_522151654,0.004621478
S1D_437938129,0.0046065254
S7B_233953426,0.004549184
S3B_60075468,0.0045258915
S6B_51322182,0.004447485
S5A_22777099,0.004446918
S3B_31966115,0.0044142175
S3A_37285969,0.0041608494
S7A_83239840,0.0040686144
S4B_662516600,0.0039921575
S4B_660584127,0.0039095017
S2A_640660847,0.0038551176
S1B_463755454,0.003797634
S7B_687134935,0.0037690776
SUNKNOWN_268509.1,0.0037569392
S4A_3335841,0.0037386268
S2D_32538165,0.003698875
S5D_554102005,0.0036531244
S2B_223367822,0.0035738114
S5A_390387986,0.0035673422
S3A_712772632,0.003565232
S4B_16004078,0.0033965753
S7B_43804752,0.0033786888
S2B_758431827,0.0033196378
S4A_751861410,0.0033131447
S2D_592157135,0.0033047586
S2D_80882808,0.0032631452
S5B_521831965,0.0032466
S3B_768307845,0.003207589
S7A_34980405,0.0031025766
S6B_688276099,0.00309731
S6B_36319791,0.003071958
S7A_628838987,0.0030359912
S3B_4503807,0.0030033083
S1B_525388755,0.0029977695
S5A_486360617,0.0029426701
S1A_523650836,0.0029267315
S3B_13634430,0.002839883
S4B_673644826,0.002837217
S2D_402307460,0.0027798135
S5D_554102000,0.0027205718
S6A_598015605,0.0026704336
S1A_517696699,0.0026669558
S7A_712072769,0.0026576868
S5A_557416092,0.0026184248
S4A_604482417,0.002598542
S2B_174379537,0.0025838746
S2A_743357499,0.0025460673
S3D_45149106,0.0025421183
S6A_574607390,0.0024179402
S1B_20861093,0.0024173963
S7A_44712169,0.0023995608
S7B_81781557,0.0023546799
S2D_16963560,0.002320163
S1B_462641693,0.002313045
S2A_636946734,0.002305749
S5B_410579200,0.0022106313
S3A_490143567,0.0022102206
S4A_719026692,0.0021955904
S4A_647852859,0.0021351348
S2B_515957659,0.0020899717
S5A_645357232,0.0020544427
S7B_711948448,0.0020447387
S6D_491334542,0.00204054
S1A_595115331,0.0020345778
S7A_57802015,0.0020260005
S7B_80950648,0.002009491
S7A_661107231,0.0019454662
S4B_637725532,0.001943399
S5B_697876975,0.0019393137
S7A_160249408,0.0019233827
S4A_718014073,0.0019153579
S3A_741395248,0.001913865
S7A_50232975,0.0019052908
S3A_543900805,0.0018923423
S2D_73380114,0.0018862727
S5B_696882534,0.0018702004
S6B_481219363,0.0018701291
S2B_709206391,0.0018463201
S7D_14158882,0.0018350575
S1B_646120343,0.0017955977
S5B_337752483,0.0017613326
S6B_29552774,0.001741214
S5B_217438,0.0017032501
S2B_555439303,0.0016977431
S3A_700122243,0.0016951055
S4D_511904309,0.0016872265
S7A_434173627,0.0016778099
S4A_703348082,0.0016726494
S7D_531731762,0.0016200325
S2A_762784529,0.0015710762
S2A_607387348,0.0015685118
SUNKNOWN_262194,0.0015499969
S2B_304364643,0.0015456711
S5B_44553692,0.0015311129
S1B_550101650,0.0015163649
S7A_189842522,0.0014622997
S4B_609115155,0.001421316
S1B_677009056,0.0013958166
S5B_42508846,0.0013685228
S7B_42566170,0.0013616501
S5B_10442074,0.0013600868
S2B_330710531,0.0013443785
S7B_681461639,0.0013350077
S2D_431271437,0.0013300204
S3B_166742325,0.0013149776
S3B_777102068,0.0013043404
S3B_735756832,0.0012830712
S7D_611401356,0.001282516
S2B_672301632,0.00128059
S4A_617949135,0.0012649928
SUNKNOWN_183429,0.0012521876
S7B_229669208,0.0012430054
S5B_643696936,0.0012412749
S7B_763419707,0.0012196699
S7A_4579973,0.0012196393
S3D_105683955,0.0012189726
S5D_435836626,0.0012098665
S5B_700434526,0.0011916435
S5B_395121401,0.0011650678
S7D_71931950,0.0011541484
S7A_584538200,0.0011522045
S7A_54345125,0.0011471976
S7A_597250814,0.0011397186
S7B_61105940,0.0011357836
S2B_15178997,0.0011287939
S6A_572378986,0.0011007654
S7A_335601939,0.0011000525
S7A_37431220,0.0010989191
S6B_535978412,0.0010784806
S2A_513790689,0.0010681899
S2B_786618038,0.001066783
S2A_527301734,0.0010580261
S5B_38025630,0.0010553696
S2B_23895626,0.0010523238
S5B_389623619,0.0010425211
S4B_528712502,0.001032864
S3D_425480272,0.0010187337
S3B_784079436,0.0010094406
S1A_543739064,0.0010018755
S5A_583025551,0.0009873231
S1A_464403049,0.000981846
S7B_444443340,0.0009770949
S3B_767376676,0.0009731923
S5A_21473679,0.0009635161
S1D_4070935,0.0009619238
S7D_593119278,0.0009409962
S2D_9795251,0.00093273283
S2A_385389252,0.00092330616
S2A_5395175,0.0009212657
S5A_618859629,0.0009179091
S3B_1301618,0.00090641103
S1B_304054669,0.0009039577
S1A_364083725,0.00089635496
S4A_733546881,0.0008916477
S3A_710850288,0.00088605925
S7A_517516532,0.00088516716
S4A_731366819,0.00087919
S4A_565520054,0.00087903114
S4B_5400998,0.0008777785
S1A_479316794,0.0008557948
S5B_18939342,0.00084760215
S2A_36527583,0.0008375425
S3D_2917340,0.00083722925
S1A_34292919,0.0008361503
S1A_576447951,0.0008211392
S2A_20229145,0.0008145563
S5B_519687373,0.00081066886
S6B_728487449,0.00080057536
S7B_63284015,0.00078630075
S2D_604124182,0.0007800987
S5B_542919987,0.0007770603
S6A_14782701,0.0007653113
S6B_56269444,0.00075630407
S3D_568451874,0.0007337504
SUNKNOWN_912132,0.0007318859
S1A_9970776,0.00073096383
S4A_687857837,0.0007262932
S7B_77221536,0.00072125555
S1D_5885259,0.00070622924
S1B_684797067,0.00070186757
S4A_697673255,0.00070076145
S5A_581308371,0.0006966002
SUNKNOWN_528014,0.0006942731
S6A_180695106,0.0006825941
S7B_592654750,0.0006793211
S1A_18074408,0.00067905063
S7B_723891663,0.0006612918
S2D_619573373,0.00065307744
S2A_10229811,0.0006440525
S6B_180049849,0.0006318522
S1A_73943326,0.0006257137
S2D_9751507,0.0006164692
S2B_31812705,0.00061618694
S3B_709236354,0.00061405776
S6D_2389317,0.0006131965
S2B_758431808,0.0006083813
S7A_714034623,0.0006080025
S7B_500438197,0.0006043097
S3B_575807907,0.00060231274
S2B_12910121,0.00059184415
S2A_635671279,0.0005911294
S1B_529336895,0.0005894205
S1A_498163302,0.00058591535
S7A_4579934,0.0005833647
S3A_45816968,0.00058226363
S5B_615869741,0.0005772744
S5B_357343034,0.0005711092
S7B_390324295,0.0005686494
S2B_15178974,0.0005601044
S3A_610265762,0.00055618735
S2B_782887129,0.0005464268
S6B_67092110,0.0005438033
S2B_186840302,0.00054172747
S5A_34753008,0.000540279
S4B_1323477,0.00053997047
S6B_150247637,0.00053785223
S2A_690549973,0.00053169095
S3B_16126220,0.00052682747
S6D_457638223,0.00051619846
S3B_795899350,0.0005154804
S3B_142064735,0.0005060799
S7B_63623231,0.0005051844
S3B_15283886,0.00050398975
S5A_635828388,0.0005003781
S6B_45890371,0.00049993687
S5A_709470667,0.0004960108
S2D_654668679,0.0004875681
S7D_558573126,0.00048675324
S1B_494343903,0.00048641892
S7D_486317981,0.00048343537
S2A_738555895,0.00048324763
S3B_28880525,0.0004816115
S2B_45993422,0.00047984123
S3B_54563634,0.00047810856
S2B_739682372,0.00047540097
S1A_14289874,0.00047384304
S5D_441316730,0.00046321613
S1A_593592715,0.00046213146
S1B_6930287,0.00046090508
S4A_617120077,0.0004604627
S6B_155094489,0.00045701145
S5A_535235152,0.00045640822
S3B_57693980,0.00045228368
S1A_509454038,0.00044859922
S7D_5800726,0.0004474529
S4A_614953350,0.00044390452
S1B_190677703,0.00044243177
S5A_562929106,0.00043902342
S1B_660415383,0.0004321891
S7A_638697900,0.00043173242
S6D_3136737,0.00042343218
S2B_5648937,0.00042342496
S7B_639065153,0.00042092844
S1D_440468944,0.00042038155
S7A_737993472,0.00041782425
S6D_494199377,0.0004119691
S1A_490807633,0.00041148404
S5B_636156525,0.00041021922
S2D_13007104,0.000405989
S2A_643666058,0.00040018375
S3D_468058262,0.00039965005
S2D_432608096,0.00039560642
S1B_621029129,0.00039185295
S4A_499174921,0.0003912436
S1B_526901265,0.00038840022
S7A_643503880,0.00038482144
S6B_36191338,0.0003845695
S5A_618678064,0.000383008
S2D_537542475,0.00038227678
S6A_36385972,0.00038150366
S6B_19628727,0.0003812668
S5D_41221079,0.0003784823
S2A_141879580,0.00037700625
S5D_144765327,0.00037496502
S7B_735534826,0.0003705605
S5B_442987736,0.00036890287
S3B_53685293,0.0003688716
S5B_574432035,0.00036782515
S1A_585668791,0.00036532863
S6A_601009840,0.0003651315
S2D_31583190,0.0003644026
S7A_516875612,0.0003627385
S7D_521735637,0.0003591084
S3B_755104444,0.0003537457
S3D_18122230,0.00035368963
S2A_447537633,0.00035304448
S5A_556010011,0.00035286113
S1A_488886747,0.000349133
S2B_83556042,0.00034400538
S7B_687744373,0.00034390177
S7A_4579985,0.00034342575
S1A_13533909,0.00034325494
S6D_239494586,0.0003431903
S3B_81105648,0.0003310351
S3B_801939119,0.00032801044
S2A_608522075,0.00032408244
S1A_37234160,0.00032382217
S5D_547260341,0.00032348288
S1A_47826221,0.0003231924
S6D_316969767,0.0003209848
S5A_693969182,0.00032010418
S3B_41461386,0.00031950278
S2A_755971219,0.0003180402
S2D_633838266,0.0003173186
S6A_254048866,0.00031511975
S7A_4075893,0.0003140786
S1B_55162565,0.0003084357
S7A_721189887,0.0003079711
S7A_47407858,0.00030021637
S1B_16306126,0.00029956066
S3D_56927420,0.00029750005
S7D_614728384,0.00029699845
S2A_719304614,0.0002940361
S5A_570309755,0.0002911503
S6D_490802918,0.0002884551
S1B_549256210,0.00028656857
S1B_648916379,0.0002860394
S2D_130531253,0.0002850388
S2B_712337946,0.00028501777
S7D_321634918,0.0002842521
S1B_332271297,0.00028364031
S1A_592402922,0.00028065074
S2A_706881755,0.00027894124
S2B_2883314,0.00027690324
S3B_758663646,0.00027669128
S3A_654503667,0.0002758365
S5B_442987728,0.00027467182
S1B_67818719,0.000273486
S5A_704762508,0.0002720917
S5B_554209652,0.00027165038
S7A_667813002,0.0002685376
S1A_74923265,0.00026844378
S7B_56719136,0.00026535508
S7A_720120662,0.000263184
S4A_636029555,0.0002600425
S3B_848380206,0.0002592745
S6B_36652821,0.00025736788
S3A_49039854,0.0002551808
S1A_15344492,0.0002534465
S1A_458685460,0.0002526842
S5A_535691641,0.00025240018
S3A_60825277,0.00025217334
S4A_651820870,0.00025190145
S5B_342988809,0.0002498512
S7A_13856152,0.00024585397
S5B_658071470,0.00024560347
S3A_147106385,0.00024520434
S1B_649340931,0.00024384692
S4B_13621500,0.00024220195
S3B_758683130,0.0002417163
S2A_653907063,0.00023965444
S3B_80641893,0.0002374349
S6D_483397921,0.00023575306
S2A_737663448,0.00023417438
S1B_582220246,0.00023346166
S3A_528153957,0.00023089218
S6A_31121979,0.00022606633
S6A_24407759,0.0002239917
S3A_722022518,0.00021984424
S5B_547588094,0.00021885628
S5A_555828118,0.00021789249
S2A_739991901,0.0002178406
S2B_451427344,0.00021780819
S1A_565485848,0.00021540614
S7B_678744645,0.00021439076
S7A_117709789,0.00021437851
S1B_668439158,0.00021165582
S3B_776295456,0.00020903038
S4A_640950189,0.00020574674
S2D_69321405,0.00020555806
S1A_584340997,0.00020511096
S3B_56435695,0.00020502646
S2D_500078140,0.0002017038
S3B_483952927,0.00020120043
SUNKNOWN_241044,0.00020046828
S4B_40314752,0.00020036077
S4A_669027734,0.00019968837
S3B_559985869,0.00019779167
S2A_763082209,0.0001971099
S3A_38925556,0.00019646072
S3B_810588091,0.00019644486
S5B_520376631,0.0001939006
S3A_654503689,0.0001937692
S5B_38814422,0.00019281523
S3A_12505260,0.0001922523
S4A_612676024,0.00019138187
S3D_546720147,0.0001903319
S1A_499791244,0.00018937537
S4A_452422543,0.00018737344
S4B_41356028,0.00018563957
S2B_730743035,0.00018528165
S2A_709764532,0.0001850783
S5A_683251028,0.00018342856
S7D_490985832,0.00018204628
S7A_638540850,0.00018150473
S1A_473581779,0.00018068535
S2A_678679303,0.00018041658
S5B_713965329,0.00018004584
S5A_572658224,0.00017979347
S5B_662851510,0.00017898092
S5D_534184459,0.00017703611
S2D_604124203,0.0001765227
S3A_67785019,0.00017531058
S7A_50571570,0.00017518977
S6B_165102188,0.00017383797
S5A_563465836,0.00017291216
S3B_57691669,0.00017226062
S7B_151951474,0.00017218842
S2A_135894175,0.00017077787
S2B_141712416,0.00017029615
S5B_386161525,0.00017026957
S1A_40988856,0.00016991122
S1B_8520502,0.00016912016
S1A_515595642,0.00016557144
S7A_686333330,0.00016530893
S4D_457718485,0.00016449613
S3D_610994613,0.00016418357
S1B_340349202,0.00016186747
S6A_619634654,0.00016150076
S7A_627456073,0.0001613905
S7B_741479529,0.00015937646
S1A_34292932,0.00015853689
S7A_734952037,0.00015832052
S3B_780154259,0.00015755922
S1A_15400268,0.00015631964
S7D_635490678,0.00015434025
S6D_458117360,0.00015400404
SUNKNOWN_184114,0.00015263294
S3B_687519131,0.00014809147
S3B_4088656,0.00014761294
S1A_533552263,0.00014742649
S7B_642231454,0.00014644828
S7B_565038722,0.00014580239
S1B_566689934,0.00014542353
S3B_743709342,0.00014507023
S7A_735619714,0.00014397361
S6A_17502979,0.00014389589
S2A_701641196,0.00014269086
S1A_16055502,0.00013985597
S4A_590482865,0.00013970303
S6B_712502418,0.00013950822
S5A_33287985,0.0001389366
S2A_24636424,0.00013803274
S7A_84498347,0.00013785058
S4A_593496449,0.00013761556
S3A_20744788,0.00013737293
S6B_262796972,0.00013695806
S3B_711229621,0.00013630069
S7D_635951677,0.000134175
S2B_750848468,0.00013359095
S3B_793605162,0.00013264625
S1A_501358013,0.00013164854
S7A_627637038,0.00013086182
S5B_610747233,0.00013051648
S2D_220484115,0.00013017001
S5A_692048448,0.00012933867
S2B_810826824,0.00012913095
S2B_21975602,0.00012869383
S3B_44270024,0.00012859104
S1D_206254739,0.00012847506
S7B_542752294,0.0001281036
S3A_733781916,0.00012742766
S1B_71526947,0.00012724526
S1B_682503397,0.00012501475
S2A_754526522,0.00012474625
S1A_30905498,0.00012461058
S1D_450214898,0.00012415748
S5D_453709103,0.00012389424
S5A_581308379,0.00012250456
S2A_539192370,0.00012229409
S2D_320481066,0.000121113044
S7B_38723778,0.00011930271
S2A_785622751,0.000119139506
S4A_605563184,0.000118382704
S2B_192422947,0.000117989955
S6A_619881716,0.00011736899
S4A_719214645,0.000117294796
S1B_697735755,0.00011598224
S7B_710068030,0.00011576784
S3B_833870606,0.00011399296
S3B_700758085,0.00011369446
S1D_19833103,0.0001128358
S1B_646896442,0.00011259138
S7D_55285766,0.000112452115
S2A_37427020,0.0001121424
S3D_48404203,0.00011150174
S6A_602489533,0.00011119926
S6B_443652296,0.000111047804
S2D_3148603,0.00011013194
S3A_623594684,0.000108471424
S7B_63639313,0.000107675005
S2D_530454529,0.00010694167
S7A_584937170,0.00010495303
S3B_32200246,0.00010452162
S5A_75640157,0.00010369113
S1A_586298242,0.000103383725
S1B_671044161,0.00010309264
S5A_11638259,0.00010278126
S4A_59369504,0.00010219409
S7A_16509730,0.00010131988
S1A_597326889,0.000101146456
S1B_649885677,0.0001010141
S6D_13466137,0.00010096155
S6A_583129177,0.00010076821
S1D_195362691,9.90531e-05
S2A_778157141,9.889919e-05
S1D_6975458,9.842861e-05
S3B_23299031,9.834176e-05
S2D_85243206,9.8106655e-05
S7A_502382929,9.79068e-05
S2A_766263958,9.7398966e-05
S7B_708670115,9.7360244e-05
S1A_1234081,9.635248e-05
S1B_346670220,9.625398e-05
S3B_64636684,9.5191725e-05
S2A_632474971,9.5140436e-05
S3B_56010766,9.409245e-05
S3D_545250183,9.303401e-05
S5B_593882689,9.277963e-05
S3B_45305073,9.110107e-05
S2A_357099083,9.02449e-05
S3A_9644554,8.982595e-05
S3A_53851289,8.975305e-05
S1B_52878434,8.9666304e-05
S3D_468245499,8.855797e-05
S7D_88652343,8.768389e-05
S3B_385149108,8.732073e-05
S2B_57850919,8.6902925e-05
S4B_662882945,8.256279e-05
S5A_417222157,8.1408994e-05
S7A_547035655,8.123924e-05
S2A_557857418,8.10292e-05
S5D_542032822,7.957712e-05
S1A_11994504,7.946304e-05
S6A_572469830,7.9305e-05
S1A_16112746,7.896352e-05
S1A_342652689,7.873902e-05
S7A_702769195,7.857434e-05
S1B_684717460,7.8499615e-05
S1A_11341749,7.8118916e-05
S2B_8645985,7.7846846e-05
S2B_767603229,7.762969e-05
S4B_24107239,7.737704e-05
S5B_15576856,7.7178694e-05
S7B_114697005,7.640404e-05
S6A_562917053,7.63767e-05
S3D_29982621,7.573715e-05
S6A_92918145,7.332023e-05
S7B_688450275,7.2994946e-05
S5B_542920015,7.187384e-05
S6A_565488289,7.174341e-05
S3B_839546742,7.1598435e-05
S3B_447191479,7.1453724e-05
S1A_277565399,7.127658e-05
S1A_47847038,7.115886e-05
S2B_580540598,7.10822e-05
S2A_640928699,7.106752e-05
S5B_123331324,7.078421e-05
S3B_213071101,7.0720525e-05
S2B_432427364,7.032716e-05
SUNKNOWN_278925,7.00056e-05
S5B_137822984,6.983678e-05
S2D_485377053,6.887278e-05
S2B_444781581,6.711019e-05
S1A_51704282,6.635514e-05
S4A_694152276,6.630191e-05
S2B_238007862,6.592995e-05
S1A_33376895,6.575185e-05
